step,train_loss,val_loss,train_accuracy,val_accuracy,learning_rate
0,0.6115163007141214,0.6138909851068711,0.5,0.5,0.1
1,0.5597988771231829,0.5649330586490064,0.832715,0.805674,0.1
2,0.5168373040498886,0.5286083849448182,0.865391,0.833743,0.1
3,0.4800123661598273,0.4962573206857486,0.878056,0.846617,0.1
4,0.4466387306061466,0.4645138795521393,0.893111,0.8687940000000001,0.1
5,0.41694441333281257,0.43922499825458716,0.91023,0.886939,0.1
6,0.3917704613124375,0.4171574097065249,0.920434,0.900433,0.1
7,0.3689546881998535,0.396972065760751,0.924191,0.890194,0.1
8,0.3489852912499841,0.37873477714978426,0.928213,0.9001170000000001,0.1
9,0.3286710766195196,0.358590238017611,0.932235,0.906943,0.1
10,0.3099052914792457,0.34186752715913377,0.936521,0.908959,0.1
11,0.2943468622823732,0.327401126719544,0.942474,0.917023,0.1
12,0.28037880293563405,0.31448455582750906,0.944934,0.9190389999999999,0.1
13,0.26709682460116074,0.30231405691345137,0.946098,0.921675,0.1
14,0.255494455502624,0.2926965408986158,0.948559,0.916246,0.1
15,0.24403337939123138,0.2832826291496801,0.947527,0.9190389999999999,0.1
16,0.23320044988024552,0.2736597734045471,0.949423,0.919659,0.1
17,0.22408279794243585,0.2665989781935813,0.952748,0.917023,0.1
18,0.2152402131299002,0.2590929698629348,0.953348,0.918262,0.1
19,0.20683716880009237,0.251883849415547,0.954044,0.919659,0.1
20,0.19821175167782118,0.24398713427359123,0.957237,0.9257070000000001,0.1
21,0.19066014339966056,0.2381040878938173,0.96013,0.923072,0.1
22,0.18298149895483415,0.23247584837670177,0.961426,0.927723,0.1
23,0.17645639161884258,0.22650646678365693,0.964751,0.927723,0.1
24,0.16998429193565276,0.2225222842577267,0.968375,0.92974,0.1
25,0.16448040032149416,0.21849197979782872,0.969072,0.931756,0.1
26,0.1590428705355235,0.21341084914509417,0.969505,0.927723,0.1
27,0.1532072745514127,0.20884733827839982,0.9714,0.92974,0.1
28,0.1474363511438127,0.20249231853107413,0.973561,0.92974,0.1
29,0.14221710390551429,0.19794796545537982,0.974593,0.92974,0.1
30,0.13781711058279053,0.19417495712969857,0.977785,0.935788,0.1
31,0.1329588148070384,0.19162582397989608,0.979082,0.935788,0.1
32,0.12889823749265839,0.18905545015920802,0.97865,0.937804,0.1
33,0.12508573574236537,0.185347221859365,0.980511,0.937185,0.1
34,0.12159545410523373,0.18135749139567905,0.98081,0.935168,0.1
35,0.11754047204105728,0.17794327890629522,0.980943,0.936565,0.1
36,0.11353062540226805,0.17504505475325258,0.979779,0.940597,0.1
37,0.1103520036073385,0.1732165223470099,0.981974,0.937185,0.1
38,0.10659175352152206,0.1707904587127883,0.983571,0.937185,0.1
39,0.10296702075947439,0.16822950876081247,0.984303,0.937185,0.1
40,0.09981281861860668,0.1658499766350186,0.984735,0.935168,0.1
41,0.09664742887119013,0.16275807658960373,0.984303,0.937185,0.1
42,0.09423411077168663,0.16063647555716015,0.985899,0.942614,0.1
43,0.09139057031346369,0.1581394033915311,0.986498,0.939201,0.1
44,0.08868676011788502,0.15633492729635817,0.987662,0.939201,0.1
45,0.0862225755381571,0.15439682338454394,0.987662,0.943233,0.1
46,0.0838135179214641,0.15211893342014268,0.989259,0.945249,0.1
47,0.08121319208574374,0.14979936476495645,0.989691,0.943852,0.1
48,0.07938652371690996,0.1496860357477843,0.991719,0.943233,0.1
49,0.07740620749137175,0.14846870268575182,0.992019,0.939201,0.1
50,0.07545854444524883,0.14689520963701255,0.992451,0.941217,0.1
51,0.07351173128141503,0.14582750869057334,0.993615,0.943852,0.1
52,0.07167571427399475,0.1438912024272747,0.993915,0.941836,0.1
53,0.0699986211995108,0.1430157437089142,0.993748,0.941836,0.1
54,0.06830299610766558,0.1411688187476186,0.994347,0.943852,0.1
55,0.0663896416322188,0.13914606515886785,0.994347,0.941836,0.1
56,0.0648012048172542,0.13843786965735969,0.994347,0.941836,0.1
57,0.0630822458226992,0.13691362380526542,0.995211,0.943852,0.1
58,0.06130365869244643,0.13639048302220333,0.995644,0.943852,0.1
59,0.05980923972174987,0.13510940442931388,0.996675,0.947885,0.1
60,0.05825055831367463,0.13365872429181258,0.996675,0.949901,0.1
61,0.05703719879294523,0.13193557899416095,0.996675,0.949901,0.1
62,0.05574986705424644,0.13123125370619543,0.997107,0.949901,0.1
63,0.05451432528592382,0.13066162248126695,0.997539,0.947885,0.1
64,0.05318203385330044,0.12957959262563512,0.997539,0.945869,0.1
65,0.05194296954269727,0.12811822056111022,0.997972,0.949901,0.1
66,0.05076314378311379,0.12647316774058312,0.998404,0.951917,0.1
67,0.04950021732009255,0.1254318119261088,0.998404,0.953933,0.1
68,0.04844531235487027,0.12455615889328676,0.998404,0.953933,0.1
69,0.047354195680494,0.1241360788374583,0.998404,0.951917,0.1
70,0.04632669135363591,0.1229108649095837,0.998404,0.951298,0.1
71,0.04525843346499698,0.12224914067849,0.999136,0.949901,0.1
72,0.04436634694423889,0.12156399423156622,0.998836,0.953314,0.1
73,0.04346105397847869,0.12072823085459472,0.999136,0.953314,0.1
74,0.0424711337354265,0.11955237293365432,0.999136,0.953314,0.1
75,0.04155655433516537,0.1194574740796393,0.998836,0.951917,0.1
76,0.04064231324054927,0.11902951534008362,0.998836,0.951917,0.1
77,0.03987337653562262,0.11911807326456261,0.998836,0.953933,0.1
78,0.03917007366160293,0.11800382935834693,0.998836,0.955949,0.1
79,0.0383199042482384,0.11652518672332254,0.999136,0.955949,0.1
80,0.03746479116417303,0.11566763970460713,0.999568,0.957346,0.1
81,0.03683603701966741,0.1147104809673506,0.999568,0.953933,0.1
82,0.03612383585336693,0.11416230247150061,0.999568,0.953933,0.1
83,0.03555109047213471,0.11353236841300668,0.999568,0.957346,0.1
84,0.03495382151195565,0.11312263742013967,0.999568,0.957346,0.1
85,0.03436250657582886,0.11273279415953386,0.999568,0.957346,0.1
86,0.03383959599531593,0.11196920015309744,0.999568,0.957346,0.1
87,0.03318009828237932,0.11118665363698377,0.999568,0.95533,0.1
88,0.03251792820984399,0.11076026390298584,0.999568,0.95533,0.1
89,0.03194809998251679,0.11092169192737189,0.999568,0.953314,0.1
90,0.03134589658410338,0.1101177768121326,1.0,0.953314,0.1
91,0.03083258475195534,0.10991696768204787,1.0,0.95533,0.1
92,0.03036202401620237,0.1095176981974327,1.0,0.956726,0.1
93,0.02988602104129072,0.1092266105617767,1.0,0.956726,0.1
94,0.02944433218293692,0.10900767644621023,1.0,0.953314,0.1
95,0.02897309898860357,0.10805727293065183,1.0,0.95533,0.1
96,0.02851147710893765,0.10762771272333722,1.0,0.953314,0.1
97,0.02801740886090298,0.10676274345204136,1.0,0.953314,0.1
98,0.02755752169995866,0.10681362311173655,1.0,0.958743,0.1
99,0.02711800524818637,0.10621568818145168,1.0,0.956726,0.1
100,0.02666215425355162,0.10542665099448112,1.0,0.95471,0.1
101,0.02619893391717604,0.10517403675015038,1.0,0.958743,0.1
102,0.02587752511671258,0.10435635026578143,1.0,0.958743,0.1
103,0.02550909713579268,0.10420219029304525,1.0,0.956726,0.1
104,0.02516125434801493,0.10390195853536774,1.0,0.958743,0.1
105,0.0248685461309722,0.10366361804554129,1.0,0.956726,0.1
106,0.02445360594651089,0.10339437166400632,1.0,0.960759,0.1
107,0.02408935919161412,0.10339450025875291,1.0,0.960759,0.1
108,0.02373990535702602,0.1032996844994396,1.0,0.960759,0.1
109,0.02342296581383098,0.10325894380878141,1.0,0.960759,0.1
110,0.02308826027479254,0.10345331015639321,1.0,0.960759,0.1
111,0.02276178543714485,0.10324606873523813,1.0,0.958743,0.1
112,0.0224728667421114,0.10339873837785052,1.0,0.958743,0.1
113,0.02213395708883429,0.10292916468998936,1.0,0.958743,0.1
114,0.02187693447974383,0.1024947550842998,1.0,0.958743,0.1
115,0.02161911655416757,0.10203334729314172,1.0,0.958743,0.1
116,0.02132900385873236,0.10204217612870935,1.0,0.958743,0.1
117,0.02102232569535016,0.10194994576701628,1.0,0.95533,0.1
118,0.02077690894041721,0.101914766929827,1.0,0.957346,0.1
119,0.02053031315191534,0.10182304581658563,1.0,0.957346,0.1
120,0.02029780428255991,0.10101979685027694,1.0,0.958743,0.1
121,0.0200699586062553,0.10072625591919109,1.0,0.958743,0.1
122,0.01983056740418068,0.1007903362818853,1.0,0.962155,0.1
123,0.01959012304258582,0.100365015441435,1.0,0.962775,0.1
124,0.01940531741873571,0.09987157906860723,1.0,0.960759,0.1
125,0.0191441369977619,0.09956171742330955,1.0,0.962775,0.1
126,0.01891014298746585,0.09979674638517542,1.0,0.960759,0.1
127,0.01870293115001158,0.09974118519540594,1.0,0.960759,0.1
128,0.01846858554190814,0.09968174475468211,1.0,0.960759,0.1
129,0.01826020860000909,0.09910303424294999,1.0,0.962775,0.1
130,0.01808401516447847,0.09851529568490144,1.0,0.960759,0.1
131,0.01791295281105543,0.0984452399594981,1.0,0.962775,0.1
132,0.01772934903316272,0.09845436420617279,1.0,0.962775,0.1
133,0.01752841477721478,0.09796593472169556,1.0,0.960759,0.1
134,0.01733977944036664,0.09791859318947929,1.0,0.960759,0.1
135,0.0171462005563003,0.09762373763222436,1.0,0.960759,0.1
136,0.01697625816928478,0.09728482144988214,1.0,0.960759,0.1
137,0.01680204362749375,0.09711556881930328,1.0,0.960759,0.1
138,0.01665125504552296,0.09690154497368567,1.0,0.960759,0.1
139,0.01647845771752475,0.09652566475626684,1.0,0.960759,0.1
140,0.01632189133610428,0.09617568161076345,1.0,0.962775,0.1
141,0.01617544197559045,0.09618589412049747,1.0,0.962775,0.1
142,0.01602427184153956,0.09632743444227845,1.0,0.962775,0.1
143,0.01586643295878476,0.09631578940673417,1.0,0.962775,0.1
144,0.0157100514366072,0.09604353468310263,1.0,0.962775,0.1
145,0.01553428292228373,0.09596952274104095,1.0,0.962775,0.1
146,0.01539580036800528,0.09612164540578348,1.0,0.964171,0.1
147,0.01529659619635492,0.09630078556038275,1.0,0.962775,0.1
148,0.01517544597507335,0.09565544045853859,1.0,0.962775,0.1
149,0.01503935782696132,0.09542369707422207,1.0,0.962775,0.1
150,0.01491262209470604,0.09513309669436729,1.0,0.962775,0.1
151,0.01476698549060368,0.09505093386964915,1.0,0.962775,0.1
152,0.01466013647069118,0.09504785852940625,1.0,0.961378,0.1
153,0.01450836674281421,0.0949983856261926,1.0,0.961378,0.1
154,0.01438815060461201,0.09519740508012216,1.0,0.962775,0.1
155,0.01428567623235625,0.09503227427069492,1.0,0.961378,0.1
156,0.01412854776320829,0.09527693341824307,1.0,0.962775,0.1
157,0.01401574467009668,0.09550295218300127,1.0,0.962775,0.1
158,0.01392332996591638,0.09541682435723871,1.0,0.962775,0.1
159,0.01379020086135478,0.09538616661509025,1.0,0.962775,0.1
160,0.01367889097116891,0.09529770509282334,1.0,0.962775,0.1
161,0.01356567506205916,0.0950657964038526,1.0,0.962775,0.1
162,0.01343885392829389,0.09478562537105222,1.0,0.962775,0.1
163,0.01332093653022373,0.09477467993486126,1.0,0.962775,0.1
164,0.01321397535331765,0.09452356814227963,1.0,0.962775,0.1
165,0.01310912953694588,0.09414392339469858,1.0,0.962775,0.1
166,0.01300792696746298,0.09392860876378768,1.0,0.962775,0.1
167,0.01293181739090499,0.09385652016964934,1.0,0.962775,0.1
168,0.01284935114359348,0.09366059639111159,1.0,0.962775,0.1
169,0.01275158242938965,0.09345013348891118,1.0,0.962775,0.1
170,0.01265739465611152,0.09332586092667271,1.0,0.962775,0.1
171,0.01255964152535539,0.09357286785041159,1.0,0.962775,0.1
172,0.01248645202106069,0.09336624517152922,1.0,0.962775,0.1
173,0.01237996701057382,0.09330442988509874,1.0,0.962775,0.1
174,0.01230141528548294,0.09292674745766719,1.0,0.962775,0.1
175,0.01224331814540881,0.09265600774759349,1.0,0.962775,0.1
176,0.0121680031321694,0.0926273742331519,1.0,0.962775,0.1
177,0.01209639274413477,0.09251904509671864,1.0,0.962775,0.1
178,0.01201283408666547,0.09245117290044705,1.0,0.962775,0.1
179,0.01193064287142103,0.0927302376380479,1.0,0.962775,0.1
180,0.01184994759819902,0.09237216215027393,1.0,0.962775,0.1
181,0.01177959031033287,0.09264129805383658,1.0,0.962775,0.1
182,0.01173675105540006,0.09220984209784273,1.0,0.962775,0.1
183,0.01165801462689281,0.09214079924565187,1.0,0.960759,0.1
184,0.01157061065033602,0.09191365318872126,1.0,0.962775,0.1
185,0.01149181440661134,0.09196343563207517,1.0,0.962775,0.1
186,0.01142500199072075,0.0920708041031494,1.0,0.964171,0.1
187,0.01134839013738756,0.09194504070012537,1.0,0.964171,0.1
188,0.01126389759858188,0.0923795833466879,1.0,0.962155,0.1
189,0.0111828015093694,0.09241834526444345,1.0,0.962155,0.1
190,0.01111718997127733,0.09229762670273774,1.0,0.962155,0.1
191,0.01102857444812034,0.09241708096302355,1.0,0.960759,0.1
192,0.01096053704987584,0.09215238595296565,1.0,0.960759,0.1
193,0.01087941392973842,0.0923094594948185,1.0,0.960759,0.1
194,0.01080094732273709,0.0925176402789196,1.0,0.962155,0.1
195,0.01072847072137388,0.0922191158179906,1.0,0.962155,0.1
196,0.01066033803854965,0.0919481109372025,1.0,0.962155,0.1
